{"_runtime":3002.5750892,"Train Loss (Epoch Avg)":0.005817245292586797,"Validation Loss":0.004729409209586099,"_wandb":{"runtime":3002},"_step":9,"Train Accuracy":0.9424891146589259,"_timestamp":1.743154703730177e+09,"Epoch":10,"Validation Accuracy":0.9480943738656987}