{"Validation Accuracy":0.949546279491833,"_runtime":2456.7048138,"Train Accuracy":0.9515602322206096,"_wandb":{"runtime":2456},"_step":9,"Validation Loss":0.004442558139596412,"Epoch":10,"Train Loss (Epoch Avg)":0.004647643719657888,"_timestamp":1.7431528636075215e+09}