{"Validation Accuracy":0.9466424682395644,"_runtime":2017.4045384,"_wandb":{"runtime":2017},"Train Accuracy":0.9587264150943396,"_timestamp":1.7431503069570105e+09,"Epoch":10,"Train Loss (Epoch Avg)":0.003908698981815708,"Validation Loss":0.004837367739257979,"_step":9}