{"Train Loss (Epoch Avg)":0.004822314141515212,"Validation Loss":0.004423555929573783,"_step":4,"Epoch":5,"_timestamp":1.7431563604963899e+09,"_runtime":1030.8170726,"_wandb":{"runtime":1030},"Train Accuracy":0.948566763425254,"Validation Accuracy":0.9528130671506352}